<ExportPresets LastType="DocxExport">
  <Preset DisplayName="" Type="Unreal4Export">
    <ExportSettings Type="Unreal4Export">
      <Filename>C:\Users\danil\Documents\Unreal Projects\DeepXPression\Content\Deep-X-Pression\Deep-X-Pression.articyue4</Filename>
      <CustomSettings>
        <Option Name="set_Localization" Value="False"/>
        <Option Name="set_TextFormatter" Value=""/>
        <Option Name="set_IncludedNodes" Value="Settings, Project, GlobalVariables, ObjectDefinitions, Packages, ScriptMethods, Hierarchy, Assets"/>
      </CustomSettings>
      <PackageStates>
        <State Id="72057594037928194" Enabled="1"/>
      </PackageStates>
      <SelectedRuleSet>72057594037928191</SelectedRuleSet>
    </ExportSettings>
  </Preset>
  <Preset DisplayName="" Type="DocxExport">
    <ExportSettings Type="DocxExport">
      <Filename>C:\Users\danil\Documents\Deep Pression.docx</Filename>
      <PageSize>A4</PageSize>
      <GroupedBy>Folder</GroupedBy>
      <SortedBy>DisplayName</SortedBy>
      <HyperlinkOnReferences>1</HyperlinkOnReferences>
      <ExportMethod>Single</ExportMethod>
      <IncludeImages>1</IncludeImages>
      <SideBySideImages>1</SideBySideImages>
      <InsertTableOfContents>1</InsertTableOfContents>
      <IncludeTitlePage>1</IncludeTitlePage>
      <IncludeTechnicalNames>0</IncludeTechnicalNames>
      <ExportMarkup>1</ExportMarkup>
      <AutoOpenFile>1</AutoOpenFile>
      <ExportQueries>1</ExportQueries>
    </ExportSettings>
  </Preset>
</ExportPresets>
